id,senha
73787,87EC21A4
54835,BEB68C06
92838,02FD4B46
48019,FE81C2FB
48356,F10BB0ED
22617,6B86CA4F
73717,78143B8B
70217,E2FC2AA6
31069,983E31D5
68660,65D55E8E
21284,530A7889
84838,1594E95A
28899,C384C100
84322,AFFC2C15
79345,4F6784EE
2736,A9B7E9D8
27933,D584B936
74245,04340A7B
11804,E813D316
86991,E2CBBB55
15483,5AAD1832
80106,888E5291
45187,7B6FDD1D
41778,66F191C4
15149,ACEFE5FD
21390,BCBE5361
54925,5635D5BF
17632,33F2EB2E
87632,9D575281
26001,F896AC58
23585,D64DC3AD
86633,5E1BCEAB
81886,7106CB26
88062,3C70B2E5
96029,7165B51F
82467,23B16B88
95386,DFA77BF5
42934,11ACEDA4
28909,EBCB6443
77498,E6B37C4B
27377,8B665BFE
11092,B912077E
31239,DAD54E66
28901,572531B5
6670,E13EE894
65860,9B6ECF55
32755,516F6282
287,B8043857
65350,A1FC90D8
92080,75C6EDC7
75956,1ED42B7B
15381,1D8A5D42
2643,DA2826E0
31336,B6B98F09
91003,5A1B6121
41769,F004EC40
79542,541D0CCA
15387,A8F61F17
49606,7185AA76
65241,3D3EBC1A
55252,00EAECA7
38853,DC42B2BA
88903,B956A922
14039,4429AF02
283,FD2BD559
73788,A00DBA8E
71555,9C989E41
48627,BA697BFB
38323,DF867124
44965,8027717B
97454,8667EB08
8771,A2EB9B32
81942,E845556D
85843,72E28ACD
25070,A4C35181
72467,758EEE03
78190,67DEFF9E
19791,C63DD9F3
41384,4015926A
18061,B688D534
68081,8C287E51
54201,851A50A8
1152,15AD46BA
76480,B18A8437
55800,0C5F98C6
8099,B039286E
62279,EED5D0B9
73464,E4FE8145
24762,A600A89E
28549,BF0232B3
1132,FA2196B9
90712,1A759468
83901,88E577E8
96683,B175837A
58995,9A32DFDF
82809,F3DE32DC
16845,8F4BA5C5
1568,E6FA31BF
57203,1E2B9191
25562,34A4DB1E
38174,9E6521C9
3374,BF0579E4
44140,46BD3B7C
56775,9793810E
3071,F685541C
27600,34796826
66178,ABBEC6B2
65658,6226F96F
34330,764B875B
98911,2D6397BB
84184,E7A61498
42679,2E8D76BB
28109,A7B1851D
10047,35BEEC32
85745,AE868FE9
43724,D214DA7A
96654,3E6646F7
25677,5701E5D1
61683,C3B49F6B
14177,5BA0F02C
20458,E7A11ED3
65945,5B803E3F
97933,3EF4092D
29425,2B8B45EE
7772,67BDD820
14145,8A756ED6
73208,A596351F
45527,553CADA9
90692,CD39766A
96150,35D8BD62
61510,44F67DFC
23125,C3323B06
88198,91B0EB84
54759,9BEFAC81
50550,34D7056E
59826,9B4AED16
31456,432C33C0
65840,9C7B3F9B
27668,5F4B03F7
5695,2F890A72
222,F7B47932
88332,C438B018
55639,BDA5C81F
20531,92A7B481
48808,E47EB6E6
785,74A4FDA8
45142,FA3545B3
78568,9466E40A
30431,59875B8E
98771,B0968B0D
94703,90932ED3
23185,F3B13154
82798,53084210
33852,8C297E0E
91409,06E03A57
58129,B523AF23
65273,5B7C2473
57842,C4286FA4
7570,5CC1E7C6
91466,2ED6022D
54268,D4D6ECF9
78093,88DB0516
4847,FFBBBF90
90482,E7207583
33909,2ECB2945
23291,65141E7A
42271,023A5034
59964,24865433
55008,8EBB5589
27257,CA3F67C6
18965,08DF81B1
40935,500AF5CE
80686,183520F3
75382,13D512EC
99080,BEA406CF
94664,C346C2C9
99473,9A53B28D
69874,5346FD08
76342,37D6CB0D
4168,A0518DA8
92054,661331EE
41476,7039FB28
25222,737596B6
64635,BE5AA413
12554,123FA8AA
25075,7C3C86E2
33071,1FD35276
73099,83B48B33
52799,AE6A12F8
73286,490DE683
90135,793AA718
94492,ED08F210
38426,1D2707D3
26791,69953535
53895,B82E031C
62442,3077DE43
52922,FBB71D48
31286,B39F3E3B
49623,3DAB7099
92535,EF0851FC
60613,F48D5584
52790,739F9FE4
50787,D70A8543
79821,42757091
58863,B05A7EA9
32531,18E7E6CC
22946,42D43B5E
99698,13E220F0
19979,1FAD6859
41648,68711384
73929,AEE9100C
32534,2D395612
45170,7283B076
46398,28A11A73
49032,D78B5DE8
18575,602EA176
89887,5AFE1E6C
25931,41F123F6
90712,1A759468
13513,8E7EFD16
73405,10E74ABE
88059,83809E1F
11641,FD9E18D7
73049,9F49793B
41622,6E245607
53682,1A2A1207
32238,D349A221
60817,21537F2B
94288,75440A6C
60402,8E3F44AD
81021,4D27F2C8
86884,7EC71C90
28801,61F3DB5F
11271,56C08756
40533,B91CB799
28738,0E59E679
40282,FD0A86B2
9214,AA083BE1
62649,90CB015F
12589,2BF0104D
64946,588D0C00
5412,ECE95051
41175,BF30370F
2987,E1FBC6E1
55975,7FB4A8D0
44707,9A9B570F
43426,B64A693D
25689,279354FE
49206,04930CD7
28923,8118AF6E
79272,EF43FC64
36070,658E09AF
95109,617D6E26
87156,B76E56FF
53537,214385A1
37529,A88E09A5
49057,232C327C
31097,22C5036A
99712,9B8BE838
15877,B131E330
6886,B4ECC291
98734,0B5DFBF4
81489,53435A77
87136,C6203B8C
29663,74134BAE
11482,BD531F6A
83622,23E1DB5F
3104,E181FC1D
46772,5693D361
8835,127B9EA3
48056,3B9D5C1C
84080,F862B58B
90473,752263EC
43890,42CC87BC
68008,1B7E15D7
29889,C1AE335E
71962,6580D133
88741,9BF537FA
69744,D1461827
66705,B6AED17F
67819,26F2A455
90091,98DCA220
55775,CCB38FD4
90876,015F289B
18715,8B422049
52198,40772300
69502,47A92064
96077,04371F7F
88681,775C8B92
23451,D89DC3DB
76615,5EC6EB3D
55643,5C2A39BA
34671,8E010716
94597,93851EB2
93507,6482F5C2
55117,45943857
52106,C4FF48BF
18153,C3EECC80
85713,AF5D34BE
2990,99E6572E
52811,93A3B9CA
68933,FE65DFAC
77855,F03E5DC3
1266,4E9CAE70
71841,9582A42F
19733,561B2DDF
72852,7CFD8D40
26030,8F664D3B
7841,4D044BAC
74903,F0E440CC
18055,E86B623F
94344,5845DC8B
36332,BB30FB09
40189,877CDA98
52833,D724B70E
75669,163B7F35
26327,D156D48D
59813,AF4AD2C1
92651,6D502F8A
40565,EE477B55
7953,0EB152CC
70182,D0B1D620
37618,16219460
34003,8EDBE1A7
85174,00D1026E
66985,238D466B
84365,F87585BE
22589,8A4D4E48
8586,E2571CE5
9876,BAE96309
40611,B8E84784
33808,57F8B75A
30630,1DEE0D7E
85423,0B7D4593
45731,4DF10776
34596,E90C2402
46478,804E21C5
15978,08D50591
72578,2DEF51E5
16272,014ADC22
11927,E603B49A
74609,D4583E5E
26586,3335E169
75768,5A06CE21
86769,93945EFC
21032,0958201D
65003,30A125BD
34211,BBF6337F
45263,20701F31
24533,5E3BB446
569,B59966B6
10823,BC151905
29488,140A4BEC
50124,5AF3E35B
62364,13831DE7
36505,C42F7E6C
71432,CB04D37B
68424,012196A4
32754,E704E9B2
64460,EEF5422A
3772,B8673B96
96998,86D694DD
7008,7DB9F272
7739,15158AD0
46444,EF6B642F
29231,A4D1F60C
48944,A2A3E087
2773,38091AED
48165,6AD3E7A6
71007,5215E887
49459,3EE79339
53347,DC1A8538
19718,85B9214F
61623,A2A5343A
8945,8090DD7F
5975,878D616C
31648,DA90DF4A
61903,9644CE19
71931,AB629B30
53847,1D773440
55741,3E9F048D
93879,DBAB3F24
30062,6A6CB71C
7541,EAA1FAB4
49577,4377CDE7
18245,868EF9EB
11421,E30CBF2B
2579,46F5020F
73527,57B9700B
15765,920B18D4
47582,E3B1DBF1
5908,3CBE08D0
50059,A68AD120
10801,1494FA52
78251,2F55392E
25137,5A52F045
71246,849A8AA7
33928,7F36CC12
29254,479FDAE4
64221,9EE3CD75
37502,C0397543
92663,C43491F1
51601,A76A283B
52409,20B0C1E1
82928,5CFEAEDF
93895,613F04EB
55799,807867AD
74439,357C6054
36303,3820DE09
90771,EDF0E11D
72428,5087C17F
58586,B9848CE0
7986,2AEA736C
81115,021B81FB
69968,AE7C1298
56557,083FD878
79538,19F08F2E
15107,3F08C6D0
92640,AAA3824E
63975,8837F2DC
16194,48570366
50598,422DA1D2
89950,4C790492
48927,9502AEE3
92768,ACA7DE91
31355,B714A6E4
5360,119D32F9
1780,35C6FC86
97910,8A11582E
40407,9BB25EFE
24398,F72D8F03
17234,EA4AB458
82521,2E6F1E4F
72537,803E6640
52737,7752F4AD
52825,C2FCF355
76527,061AFB61
85673,086D31D1
29204,BAD9A8F8
4503,DF5121C9
5436,B8A3BD6D
96213,17D4B300
79563,3CB3616B
58242,82EDE314
51821,C9C673B9
25744,853ED7A9
33256,CA116E81
86300,62B724A1
86581,DECF6277
52275,5A8C3751
6939,236A6E7E
62115,10C93B03
22132,302C430C
80051,819533B3
8345,68581F7E
62062,3E4E0F49
73021,F35D5BFD
81222,B3226133
22078,2A172052
19952,C83F672B
33855,542D7967
21999,C8B80ED6
30057,06F1CBB2
90893,85B8292B
94798,14667239
21441,EF5F81B9
21238,05179975
76519,A384BF07
78278,11B7726F
45130,C6F81D0A
10811,C6AE69C5
32618,2BCE84CE
99710,597B10EF
43256,67D4E26A
98830,9A04A17E
49240,C64A6FC2
15293,209D0FFF
32236,63005178
94589,51784326
28115,DA3957C3
65741,AE574783
72455,8908CEBE
57352,C11CB2DA
6491,FFEA3552
80645,ABE61E00
1035,EC77DC61
42152,776F99E7
28929,5259342C
74704,B9454129
40344,F4A36DE5
36457,0AFD29AC
22640,7CB0FC25
19515,C6FD662F
96372,E1AD0203
49021,617D6C84
36215,BE42DF8D
65086,F56452DB
66311,F5058899
12275,2092F5D5
29424,598E05A4
93917,C760BBD7
75410,97D038F1
41527,394B13CD
63484,D06983C6
85010,3AB6E343
54320,632666D0
64898,09ABB584
16718,2FE7638E
79398,7AB36D10
4514,FABE0948
50504,AB0336CD
72469,7C239781
58764,003B8DE3
48887,4F1505F9
68429,BF63A808
53489,162839AB
98602,7E661D11
26622,AE797FEB
76448,E2A0AA56
64092,D33C5702
52011,6265643C
98075,FB9AF79B
38199,5835AFB1
55438,79EB42E1
38198,3C3F0845
60763,8B58117C
13507,01CC0095
18879,E5E6B9D1
33621,42574731
53647,C48772CB
60377,A0C60793
64120,F21A7D81
50324,5E8C8BFC
21797,8197103E
39043,9E2468EE
70296,CA24BAF0
18876,DD1FBAC3
6409,E5F41597
12414,D3139498
10775,961E15C6
31683,4F67D13E
35596,8ACE6F32
10335,99C124AB
79124,856A800B
21811,712E67A5
53119,D92D88B8
82425,0C0C41F5
30384,9270DF94
70659,929273E7
23738,630FB60E
56903,C52F5B29
9732,3A00A3EA
76536,4A1D48C1
92847,D26B608F
45862,40BB9371
71965,CE05CDA6
44428,9912062B
7132,F2AF56F9
99455,80026BBE
25964,63D14C91
2170,332EC548
16189,6BC4C65F
77362,10CBD7FD
30194,B0E2857D
42917,A9E8BD5F
32467,F1D95685
493,B57C1759
98812,CE390E84
89131,3CC29C13
11054,BB52584C
78570,0D394DC1
33265,AD42E9E2
60427,34A62B92
53712,66C98FC5
40513,7932274A
72669,CC45D71C
70312,52D7B4E4
27306,4D82A517
96095,040F49E1
99064,7B6C251E
34950,64387705
35814,C72BDC49
39055,1244713E
72132,C6F371E9
69558,1D41F221
73071,7C4343F5
37973,11588A5C
75853,60626FEB
7932,4397E532
70612,A56C3EFC
60233,810B40B0
27716,AE8D3749
87736,88208125
64768,F4B06D88
28405,F55F93BF
65336,3B823523
89527,701F3BA7
66759,794F00C0
6461,D6592045
718,4F0FA8CF
1954,2A210351
79096,9F5F2228
59901,39B71382
8555,DE44020B
29755,358A5FEB
73619,65B80D1B
348,4FFA7E59
81309,3D4F624E
28456,ACF5CCED
87228,13069164
14415,F2385647
50567,34E0E68A
79231,2CB25F8C
23163,67EF3F94
55558,C8FB71CE
64977,1237EC98
16558,102B07B4
12106,04DF5E2D
16914,12E08D08
65483,64DE435E
76375,41B9EA2E
92200,B3BC50C4
14665,5EFB5011
82723,BB8B3566
68992,E4CB8A1B
13432,354FB43E
99031,8FD0EC5E
13562,780EEBE5
32142,F2B1DC9E
4053,5AB89FFD
41343,042828B3
5219,257ED7ED
86312,98CE25B4
62465,9569FD3A
79237,C93A0EF5
1731,9AC5B5FC
14838,08BCD376
86120,A2FECD77
41210,22CCADAC
78345,AB5ABA76
52035,301C148A
73218,6F0AA8A3
88429,F7008EC3
10709,3E97D421
84692,A0CB7B7C
29481,A7F62950
77607,031C1DEF
28075,16D398CE
15915,AE04E13E
32,517EDFBF
65748,5748C91C
37245,0E95CCD2
51420,6AB3F122
78675,C563BC09
16838,7A240C4D
7942,E7B2007A
63186,D71DDD26
19982,9FF898B7
97525,16E9AAAD
15623,22A9004B
52266,0C0EBED3
18278,7128D10B
59671,29E3B6E1
83142,A66A0A1A
39182,56A8BCDC
684,27ADAA73
5411,8B54E1CC
62049,568A1935
84944,05D53494
45818,5DBE9C96
68123,32017FF6
77575,4F165D40
43679,9682D884
99287,0494CB48
23486,F2BB702E
69795,A025D7B9
61529,C0DD6732
19352,05AE3EEB
96050,25DC70C2
52208,BC8655E4
95753,16C4BA82
67345,9B41B71C
62609,0C23693D
20776,91205C54
9668,00A3A747
55446,EAB1005E
37182,6A220E38
35072,FD5D8525
91464,97E28FFD
85037,707BD67F
68752,610A68A3
3446,6F8D2BF1
87636,61E9B433
68476,EDF2EE0A
35858,3E1EF8AE
28255,E59345BF
21226,6D94BDF9
20693,750B77AA
47022,B9626E86
65293,89F57FC1
46818,99FC012E
39193,F7A4E17D
39463,01E6AAF0
99060,4085A9A2
96956,AEB35721
6769,2F61DE7C
27484,C39CF993
7623,05C60BDF
20718,86DD5C0B
54936,3A6E8A6B
23985,6021927A
81825,D035BDF8
48520,815DD7E3
27559,78B13D5B
36960,F6AC0C0F
97921,F05539B3
19873,8C51F01A
36660,672CFF37
22073,50D7E772
88228,3D23B4B3
92647,06B752C6
37430,581B63FE
5350,AC668EB6
26224,8F56AF31
76600,35322116
71866,C9FFD54E
86762,A9AF9771
12349,67D5A6E6
70547,94939FB6
69251,007FA01C
62456,6B5F1BFD
74455,AE0C091E
43719,29E0BC0F
72377,02F7050D
76882,48A86B60
52272,A620D6C6
16289,818D2EFF
45804,4E0FAD9B
26344,F7A58FC1
90816,0F84D2BD
611,A4AE2FC5
99661,D1E36C57
12981,510FA9CC
40915,78E0C809
21272,EF825BC9
47428,415CA7DA
51460,17C2529A
14341,0750647E
53216,AAE42AC3
90341,4D190FC2
15287,31543669
15300,06738C9F
15993,C29A171E
50609,40D9EF74
98513,EF743F95
55964,9A30B5DA
22735,69F86DCE
88670,AA39D30D
54638,BCE06D76
32490,8153BEC4
74684,1A59CDF3
94876,A0A598EC
38774,5939701D
37186,CE4FF480
49044,FC41BEC3
13739,C64BD7F1
82185,73C8C68F
56755,D5A1D00C
67589,1E2FF25B
30908,0245E3C0
22168,A2D7161C
59180,CF26B18B
62434,065A13BA
87083,8785BF12
23308,707616C4
39028,C305405F
19151,8436E061
27437,022FC941
92242,A786024B
59472,BDC1DB1C
59093,D1CEC825
13969,A1027AE2
60216,298BB708
88606,70B2D01A
3440,033E7662
19671,0FB9D646
55418,2B657961
96343,788C86FE
52331,72BF23C1
31358,7D97A17D
7351,35D39AA5
3960,5397E588
34146,91764A59
29751,D0B4BEA9
55818,02ABB88C
24390,4E417DDA
66139,A0549A65
61014,80A92710
96572,0FC6BDBE
48896,FA82FE53
93998,3B9D01EF
91832,3CE040F3
37019,25824824
63202,F8496AC0
43062,09FC3852
80625,A661D8CF
47841,A4F05D80
86056,F09A868C
19590,796097E9
46731,58D1757E
59459,D57600BF
70980,5EF7F8B4
31284,EF242698
30761,2623CCB9
54679,39D3070F
6668,6DAF4F65
36191,AA306DCA
33496,662859EC
92466,D3AD219C
31149,E9F04D14
76340,A4AEABEB
34009,91A85A4E
55190,C70BC478
84094,8B1B1BE7
79912,F47F5A4F
59409,44EC24BB
34333,8F43E88B
94929,311EB4DA
27262,BE825004
55821,7092F877
85564,E5195A46
44392,21363A13
3537,9BD7BAF7
77018,5C3978AB
19494,D901F940
44446,CC44D299
40025,EBA7F2B5
24903,0EC436C7
7122,FE60AA9C
87225,ED1DA349
1526,C14EFDB6
53112,9BDB5377
44273,16C14E89
22053,D5BA7B4B
42760,7BAF16A8
75781,6CB9A3ED
20683,054B78C8
85448,9D56B541
35421,12F4258D
38857,ED90EEB2
9585,DF381078
6799,4807EAA0
28189,54771BA3
74229,FE1BD9E3
8727,22077B0B
31543,DC93C4F7
97059,1039BFB0
39785,0D44E8F4
86337,D9A998B5
60186,F3111073
13534,0DEDC939
70251,F6446549
34535,D0F88DB7
83658,A0F92A81
72438,4913A271
65300,F4668FB2
11715,F18D403B
71730,6E6277A1
23841,CBD4B4DF
96668,AC4DD149
85216,ECF55E57
51752,2DD2A504
81168,6B5C2E45
37785,2851249D
32297,432EBC10
18135,64F5256C
26261,2C383422
27081,8BA62F6C
96960,46520D95
82036,3DA232C6
75464,14FB4756
53056,143A3EE0
59388,DDA87251
28725,6C36ADCA
33058,22DEE076
28555,D5DD9115
16915,A8375A17
4254,2C566120
6531,246C3AEE
38871,F4E06813
86007,B3E73881
73793,0281B3E6
43117,9D2F47EC
26462,07F64020
25184,BE78C321
70121,396BC536
33647,BE760A78
74784,A6B56EB6
11680,35763522
99756,3A4445F0
86194,2D6685B7
44786,C7BA0CFB
37694,89351607
35964,8B212F0D
5536,EE80752A
48476,81AF9844
34596,81F98432
32385,5194C57B
89094,A72EAEAD
58054,38E09E0C
31348,75AD451F
56245,615CD642
48856,20FF5F13
94297,A15E2A42
24537,CE1251C5
95895,C234E58B
31208,18A9DE81
64779,106B0B8B
76718,91E200E8
49323,572023B5
86597,58948C12
77599,261007C0
88552,7D964482
15897,F1A1B43B
38431,2A765BE2
54397,519C34F2
65203,A734F114
61377,E300A1BA
87699,F9A4CFE2
96783,39F4CC1A
84869,A6560398
74503,BA6C6BD1
51460,5E6F6CE1
99529,0B43B992
81208,3545736F
68615,C7863097
45576,0F266A1D
47299,0E09E578
27614,93CA8B69
12165,0D32FF0D
87660,27C792BF
12889,4E0C67E0
74229,6BEDBFF1
19434,541CFA5A
45940,E4A7910C
85582,FF4A006A
53224,7D238419
74637,BBA580A7
46327,73C79C60
52704,8B602033
32430,EB64D1FB
61685,6CF6454B
77233,444081A4
7086,A793EF07
53400,A5EE45BE
90340,5EA43945
66826,FBD9D4CB
89061,901B5808
6229,C6B6D7C5
79620,6B63108B
36353,12FB72D7
40890,09890C30
43298,66223CFA
96445,439151C1
59684,09F7498A
88808,2FCDF6C5
34872,EC020EC0
63144,737FE557
35472,1405E8A1
28853,DECB59FD
87133,FE43828B
66580,7630615D
20106,331406F5
67739,81A41D1A
69886,C124B2F5
79827,38B4852F
54059,BD178A4C
63918,55484C60
41639,B47DCBC3
35171,E9B16666
40544,B61382B7
77870,B1D85E4A
71965,CE05CDA6
65229,A6676BE6
7161,112CC22A
92905,8148B4BB
4348,20DF63D3
8895,71458EE7
86132,BDA11EBC
11461,BBE2A4FB
28116,EDA120A8
90894,42B62BC1
14067,013CF06E
2786,A3E277F5
99799,AA615C90
5814,FFE27CCE
51968,7AA4E348
63607,977AFEE5
87101,555B080A
57829,96F6F396
