id,senha
52811,93A3B9CA
22053,E1E942F1
79538,19F08F2E
15293,209D0FFF
75781,C91CF279
70217,E2FC2AA6
65273,CAD9697D
81115,C6B39DC5
88606,70B2D01A
68752,11CC4FDF
23486,6058BED2
66705,B6AED17F
27559,78B13D5B
38431,2A765BE2
65658,6226F96F
1954,2A210351
10047,AD0F67B3
86194,D7543683
76600,5C9735A1
49240,C64A6FC2
45170,7283B076
85174,F89E6F57
72455,8908CEBE
52922,7D817C73
31358,7D97A17D
92847,9352BBB0
4348,F8811E9C
65483,64DE435E
63607,977AFEE5
52035,301C148A
7132,F2AF56F9
34596,95594251
29254,479FDAE4
96783,39F4CC1A
76536,4A1D48C1
1526,C14EFDB6
40915,78E0C809
97525,16E9AAAD
38198,3C3F0845
24903,C23470DC
54759,158678F6
33909,2ECB2945
55190,25DC73D2
28901,572531B5
89094,A72EAEAD
89887,5AFE1E6C
33058,22DEE076
59388,DDA87251
34146,91764A59
16194,619835A7
30431,C238ED33
91466,2ED6022D
92466,D3AD219C
90876,015F289B
31683,4F67D13E
39182,56A8BCDC
25964,80E8FCFC
16558,102B07B4
84869,A6560398
36457,0AFD29AC
23125,39A8E85F
93895,1E40BB86
37019,25824824
98830,8DCBEDB2
91409,9453DDC8
1266,4E9CAE70
68081,8C287E51
55008,41D6522C
87225,DD15EF16
64768,F4B06D88
40407,9BB25EFE
49021,617D6C84
72469,FF4C1A9D
41778,89AD1E8A
23308,707616C4
35964,BABC7E04
3537,9BD7BAF7
7942,E7B2007A
92905,8148B4BB
9732,3A00A3EA
37529,A88E09A5
76448,E2A0AA56
83901,DC373E38
19733,464CFD7D
72428,474094FD
80625,95BDAA47
5436,B8A3BD6D
64221,9EE3CD75
684,27ADAA73
18153,C3EECC80
79620,4342C7E9
62649,90CB015F
94589,629FACEF
4847,FFBBBF90
82809,32C7D7CB
88903,6DADBCB6
25689,279354FE
73527,57B9700B
36215,2AD94613
2170,332EC548
36191,9C7CDB3A
51460,5E6F6CE1
46327,73C79C60
66139,A0549A65
96095,040F49E1
25222,0935ECD4
26261,2C383422
99712,4EBA9914
96077,87AD9FD2
82185,3F7D8681
94597,DD4E0F94
61377,C77D4E39
15993,38AA2CBB
21441,EF5F81B9
74439,A544A9A7
76375,3B03E4CD
569,B59966B6
31336,14EC6137
91464,97E28FFD
41210,9C31084D
22073,636EFE8F
55117,45943857
348,28AC7F0D
65203,A734F114
45731,0C98670F
21226,6D94BDF9
67589,1E2FF25B
99661,8209672C
30062,6A6CB71C
37245,42C84EA2
54638,46F6AD0D
1780,4041BA79
79272,EF43FC64
23585,1DC81032
23451,D89DC3DB
86056,117C3DD0
32755,8826B06B
36070,658E09AF
24533,5E3BB446
3446,54683A5C
1568,C41F054B
31348,327973AC
46818,4566F3AF
76340,A4AEABEB
40513,7932274A
99710,597B10EF
86300,62B724A1
28909,2B592E80
68615,AE39847D
71555,2B0093A0
94288,75440A6C
73929,A4351333
9214,42B1942E
82798,ED2F1F45
49459,A7E333FA
43890,5F1B4C83
57203,DD1308B6
31456,432C33C0
27716,F0D7327F
65229,A6676BE6
72852,48F81074
49323,572023B5
40544,B61382B7
52106,C4FF48BF
88062,3C70B2E5
77233,444081A4
52266,4C6205F5
29889,C1AE335E
18965,08DF81B1
70121,396BC536
67739,81A41D1A
4503,62419FD8
94492,ED08F210
92054,F23392E8
1731,64592C69
61529,C0DD6732
90473,752263EC
99031,5482DA3E
15897,F1A1B43B
90816,D38BD737
33855,542D7967
5350,BFF7C48C
94929,311EB4DA
61510,44F67DFC
22617,DD47609D
25562,34A4DB1E
40890,2DABAF15
8771,A2EB9B32
38853,19CDA880
12554,79C43137
26030,8F664D3B
79231,D40F87B9
59671,E5369476
7841,4D044BAC
74704,B9454129
46478,EF266CB3
72377,02F7050D
56245,615CD642
75956,1ED42B7B
41639,75B8EC95
25070,A4C35181
64898,09ABB584
80686,A96141E9
52272,6AED5916
55964,9A30B5DA
17632,33F2EB2E
40935,500AF5CE
92080,C590A3C7
43724,4242112D
6939,181FF0A2
11641,319144C8
32467,C98C8FC5
74229,6BEDBFF1
718,4F0FA8CF
70182,D0B1D620
29481,D390042F
89950,4C790492
10811,C6AE69C5
58129,5F97F77B
79398,7AB36D10
41384,0BD7E982
73788,FDA9BC28
8835,127B9EA3
27081,8BA62F6C
90894,9573785D
57829,7044405B
2990,99E6572E
98513,198E892E
73071,0A105C57
74245,04340A7B
60233,F0F276C5
25744,853ED7A9
68476,EDF2EE0A
68429,BF63A808
1132,4228393D
33265,9799CBC5
6886,8014F0B6
50609,B6507B31
6531,246C3AEE
81208,3545736F
48927,9502AEE3
59684,09F7498A
19873,248929AF
15978,08D50591
88429,F7008EC3
37785,2851249D
98771,B3C62B39
19151,E48C683E
81222,9E201104
63144,9F1C6F89
45142,FA3545B3
28555,D5DD9115
34333,3F18ACC4
22589,1DA8159E
28075,16D398CE
59813,AF4AD2C1
80645,ABE61E00
23291,65141E7A
49606,A2950D34
53537,FC0F39CB
45263,87C735B6
87101,555B080A
62115,10C93B03
15149,59321E26
40533,510E49CB
96654,4EEF0764
18245,626447A5
82036,3DA232C6
19718,584E1128
85745,AE868FE9
65860,6E88E91F
85216,31BDA2C9
60427,34A62B92
51420,9D227BAF
37694,24C2FA38
76342,2FEF8234
80051,00A4A2F8
90341,4D190FC2
38323,DF867124
22640,455BDC6D
59093,300E1F9B
86312,98CE25B4
84094,A1B8431D
34950,64387705
85564,E5195A46
68992,A3CC5EFB
54835,3BDDC189
79124,C3DE952E
39785,583F88AF
30761,DBE6AE28
55558,C8FB71CE
96668,AC4DD149
12889,1C0D4BD2
66311,F5058899
33621,42574731
11680,35763522
59409,692CC0EF
27377,AEA47D99
19590,796097E9
56557,083FD878
52409,20B0C1E1
95109,617D6E26
66580,2B44CB17
39055,1244713E
65086,F56452DB
8345,9C5888AC
97921,F05539B3
69502,47A92064
34596,81F98432
43298,66223CFA
28115,DA3957C3
15915,AE04E13E
48356,F10BB0ED
77855,E0A54D88
82467,23B16B88
24390,452B43A0
29425,93E8233D
77599,261007C0
11461,BBE2A4FB
10775,961E15C6
38426,1D2707D3
7953,0EB152CC
96998,DAF7A97E
87632,9D575281
11271,56C08756
46398,E3FF89CC
99529,0B43B992
53056,143A3EE0
63975,8837F2DC
3071,F685541C
31097,33ACD941
40025,EBA7F2B5
90893,85B8292B
3374,BF0579E4
55446,EAB1005E
62279,EED5D0B9
29663,5748697B
9668,DFF35AD0
28725,7D83C059
90482,E7207583
23738,630FB60E
63202,2742DDDA
42917,E50C0106
18879,E5E6B9D1
13739,9B05F4B2
96683,B175837A
7541,EAA1FAB4
14838,08BCD376
81489,53435A77
79345,D94B5C30
56903,C52F5B29
27600,42905B99
7932,C5706611
29751,357B5354
41343,121A4A8C
59826,9B4AED16
49032,CB411C09
42152,776F99E7
40282,FD0A86B2
65350,5CD37343
61623,447F808A
78251,F38A843F
11715,F18D403B
57842,42E88E71
61903,9644CE19
80106,888E5291
65241,B0E7ED72
26344,B3C9D4B8
52275,7989007E
96372,E1AD0203
77870,094553B9
33647,723BAF67
72438,4913A271
33071,2B9E76F2
99473,9A53B28D
23841,CBD4B4DF
12165,0D32FF0D
32754,2BF2772C
10335,8BE2D04D
19515,43BEED40
31208,18A9DE81
283,FD2BD559
3440,033E7662
78345,889B3F04
18055,41DC28DD
79096,9F5F2228
96960,7FDB051C
15287,CF9CC026
69744,D1461827
74455,AE0C091E
87736,88208125
73286,490DE683
55418,2B657961
96956,4AE56FC4
92838,02FD4B46
54925,5635D5BF
28853,961A5EBD
45527,9FFAA539
1152,15AD46BA
27933,D584B936
86991,16122457
43719,29E0BC0F
49057,232C327C
20106,331406F5
35596,F452AA33
26622,AE797FEB
37502,8784D444
4254,2C566120
59901,6792EE0D
45804,8B43F455
82521,A3940E38
10823,BC151905
79912,F47F5A4F
35858,BE26E685
71931,4E262EE7
86581,DECF6277
53489,162839AB
54320,632666D0
85713,E35C5DFC
62609,0C23693D
51601,A76A283B
39463,90D3997B
87228,13069164
43256,6459A6E9
48896,277BBE64
73405,FAD5DBBB
6799,BA9E2E8D
48944,26C9E876
14341,84BB586B
29755,FAD786DD
21999,C8B80ED6
41769,D12A72F1
75669,163B7F35
33852,8C297E0E
85582,54D2B116
22168,A2D7161C
55643,6FDA3E63
53712,FAB88E94
19791,C63DD9F3
18575,602EA176
66178,ABBEC6B2
66759,157FD9C3
24537,CE1251C5
50598,1CCFA20C
98075,146CB98D
28116,813E1D08
71965,CE05CDA6
87083,ED30F952
75853,55A26583
60817,2FB7E133
53847,DCC0A69A
38857,BEA5D7C2
97910,F82FED9D
87133,B0014A59
88670,AA39D30D
7739,15158AD0
54679,39D3070F
13507,BA5F4C87
76615,5EC6EB3D
65945,5B803E3F
11804,E813D316
95895,C234E58B
2987,B04C212E
28255,DB902E01
23163,5B084FCE
222,F7B47932
36960,40ED0F66
16914,38E263F6
4053,4E7DA3C4
19494,D901F940
46731,58D1757E
50059,BFF0C269
77498,E6B37C4B
49623,C4296027
34211,BBF6337F
93998,25BAC0FC
65840,9C7B3F9B
33928,8B2F7747
54397,C382C74B
93507,3189BB38
76480,B18A8437
34535,D0F88DB7
14665,8786D2FE
20776,91205C54
86120,A2FECD77
84838,BCA62BA5
26791,E0AA40A8
53895,5509E922
7986,2AEA736C
89131,3CC29C13
73049,9F49793B
60613,DDBB8A88
52737,7752F4AD
52198,70B484FB
99455,0302C8AA
88198,77BF8794
44707,9A9B570F
15483,49944EFD
28405,95E2736B
75410,97D038F1
74903,8B7E340A
90712,1A759468
7623,05C60BDF
70312,52D7B4E4
38871,542BD76D
37430,478C2BDC
493,15423189
45130,3F2030DB
99756,BE92DCD1
86633,70A0AD8F
32238,D349A221
64779,106B0B8B
14177,471A45F1
66985,5968CC8B
97059,758C6A9A
36353,12FB72D7
7086,A793EF07
32236,9EC93F6E
78568,9466E40A
35421,F0C00C1D
71246,849A8AA7
19952,C83F672B
27437,022FC941
20458,E7A11ED3
52208,0D31587E
13513,4E627B4B
49577,6123BEC9
48808,C2B6E10E
62442,40433272
53119,D92D88B8
3960,5397E588
16718,2FE7638E
5360,119D32F9
11421,E30CBF2B
20683,054B78C8
8895,FDFD226D
12106,04DF5E2D
55741,3E9F048D
59459,E8E7C73C
51460,5E6F6CE1
41527,394B13CD
55818,02ABB88C
5412,ECE95051
16845,8F9C82E2
70251,ED6FCFE8
53224,7D238419
12981,510FA9CC
38199,5835AFB1
26462,07F64020
48520,815DD7E3
72669,CC45D71C
36303,3820DE09
65293,DA10597E
6668,548AEC50
95386,DFA77BF5
18715,8B422049
3104,E181FC1D
59472,1F1C48FC
14039,4429AF02
84944,90FEA9E7
32531,1310D28E
6769,205509E3
6491,F6285FC6
55252,00EAECA7
88332,7B70C9C5
69558,6B98C6E4
70659,929273E7
50124,4A7A91D7
60763,F0BD5233
94664,C346C2C9
5536,C39846FE
73208,597904C3
96213,17D4B300
21272,EF825BC9
5975,25EB0E73
22735,3D6A1AC8
99060,4085A9A2
28899,53BDEDD5
8099,4B0F93A2
52704,8B602033
58242,82EDE314
71866,7B48D3A7
79821,8EB90E7B
46772,5693D361
33808,57F8B75A
51968,844633F6
55821,F90AE852
68008,B1193E8C
88741,9BF537FA
52833,D724B70E
38174,A95A6F85
57352,C30878AB
62434,E2255227
24398,F72D8F03
5814,FFE27CCE
27306,60339093
63186,A93DF1E6
20693,20236EBB
29488,140A4BEC
52799,AE6A12F8
11927,6F01CAAE
42934,269E2CD2
74503,BA6C6BD1
13432,354FB43E
55799,807867AD
86337,346425C1
65003,30A125BD
19982,9FF898B7
15107,3F08C6D0
71841,A759974A
5411,8B54E1CC
71007,5215E887
27668,5F4B03F7
39043,9E2468EE
32385,5194C57B
28456,8365299B
32618,2BCE84CE
63484,D06983C6
88681,D24FB876
11054,BB52584C
18135,B7E0A97F
66826,015C360C
32297,7D3CEFD6
86132,2F15CFB0
39028,C305405F
76718,91E200E8
83622,23E1DB5F
45818,5DBE9C96
45187,E2B7A811
86597,94A07EC6
54936,3A6E8A6B
73021,F35D5BFD
6461,D6592045
79827,38B4852F
21238,E8170A11
30384,81F6FDF5
48056,AA06BE7B
50550,6059CAC9
31069,983E31D5
93917,BC17B85D
12589,2BF0104D
8945,084DAC09
27484,C39CF993
92663,C43491F1
69886,C124B2F5
41476,7039FB28
73099,471EDDD9
85448,FB23247D
51752,2DD2A504
89061,ADC92146
74784,D1B6A404
78570,0D394DC1
58586,4E6B936C
87156,781D84FE
10801,FCEBA049
82425,410D4442
43679,9682D884
62364,17A3C737
44140,BEE01CEF
96150,35D8BD62
99799,AA615C90
49206,0419AAF6
29204,BAD9A8F8
37182,6A220E38
41175,200D551E
39193,F7A4E17D
53216,17FF7EDB
68123,32017FF6
16289,818D2EFF
52825,F80C72B5
70980,5EF7F8B4
75464,848C78FD
58995,9A32DFDF
48887,4F1505F9
52011,6265643C
72467,7C55734F
52790,739F9FE4
77607,32F3B109
19434,541CFA5A
42760,AC952CE9
70612,A56C3EFC
25677,C9CBF905
67819,26F2A455
25184,DE3197FD
49044,FC41BEC3
9585,DF381078
40611,D6D8CA8A
73464,39E64CD2
32142,8BFFF6EE
74684,361F47E0
40189,28EA133A
37973,99E2535D
31286,D327EB04
287,111E945F
36660,672CFF37
98911,2D6397BB
48019,FE81C2FB
8727,A3480DA9
4514,FABE0948
81309,67CFE533
91003,5A1B6121
87699,831EBECC
32490,A92BB1E1
97933,6FC3D661
63918,55484C60
72578,2DEF51E5
81886,236F65EE
8555,7DEDC0F8
92651,FF0D7818
43117,A33A5B8A
5908,3CBE08D0
28109,A7B1851D
71965,CE05CDA6
26327,433AAC0B
60186,D51FD75A
88228,3D23B4B3
74609,9CCD3E29
33256,CA116E81
25931,41F123F6
19352,CB3969F4
43426,740563DC
34671,F8095608
62456,5E2FB51E
74637,DD41BE12
42271,023A5034
73787,87EC21A4
31355,509A30A8
56775,0B72C3C8
77018,630CB4AB
96572,0FC6BDBE
47299,53E95DA6
27614,93CA8B69
99080,345ED36A
78190,67DEFF9E
85037,707BD67F
24762,E152EAA3
76527,061AFB61
46444,C5ED8BB1
51821,C9C673B9
77362,10CBD7FD
15765,2791BE71
94297,A15E2A42
79542,3E5D1643
79237,C93A0EF5
79563,E4B08FBF
84080,F862B58B
28738,0E59E679
36505,4673B12F
38774,5939701D
62049,3AA1775A
21390,BCBE5361
45576,CE0A21D8
12349,67D5A6E6
60216,F1F425F1
37618,16219460
5219,6F6AA2FC
44273,16C14E89
81825,689D549B
87136,44B543CC
19979,8F576FBC
13534,9CB1627C
47582,E3B1DBF1
65300,F4668FB2
53347,DC1A8538
86769,7779098B
71962,6580D133
91832,3CE040F3
92200,5C77C01F
14067,F1765466
6409,E5F41597
44786,93D215B3
31149,E9F04D14
26224,3865775C
77575,64FAC1CD
13969,A1027AE2
61014,E9E70534
31239,47C65981
34003,8EDBE1A7
84365,F87585BE
27262,BE825004
69874,9EC69719
785,51178EAF
22078,8E31F8C7
25137,5A52F045
18061,B80CDB38
3772,1337EF38
65336,3B823523
97454,4870EBA5
32430,EB64D1FB
12414,D3139498
31543,DC93C4F7
96029,7165B51F
14145,89F41FCD
75382,7F43D4A3
50787,817F453A
74229,6BEDBFF1
90340,051F1873
40344,A7518968
54268,D0003A0B
67345,B597AD8B
55800,0C5F98C6
94344,8F94A3B3
7570,EA52C4F4
41622,E5904FB2
76882,346B6BD5
82928,7DD2573F
10709,3E97D421
611,A4AE2FC5
20531,1BE591A3
22946,301A2A2A
41648,1D04FA35
2773,38091AED
54201,2D456354
50504,AB0336CD
28549,BF0232B3
92647,418966AA
21284,A2E692AC
16272,014ADC22
2786,B645BF5A
85423,0B7D4593
48476,B636F505
96445,695E4CF9
85843,72E28ACD
55639,526A19E6
15877,B131E330
90712,1A759468
2736,A9B7E9D8
90091,C258409E
28929,5259342C
55975,7FB4A8D0
34872,F65120C2
75768,5A06CE21
69968,9C0426EB
60377,A0C60793
50567,731B713A
78093,1CBD67EA
15387,F8FED247
21032,0958201D
72132,C6F371E9
54059,EA916354
70296,CA24BAF0
92242,2CCA38AF
65741,AE574783
35171,E9B16666
88808,2FCDF6C5
31284,8A4A32BD
15381,F5B2D16E
28189,4B0E9A48
35072,7E0F3E24
11482,BD531F6A
68424,EDD68EEF
53112,AB0A8829
48856,20FF5F13
68660,C07477F4
44446,CC44D299
88552,8A1F00C1
59964,A5246497
83658,A0F92A81
6670,B332BB25
30630,1DEE0D7E
55775,316554A0
62062,3E4E0F49
26001,99D32126
99287,57EBACC2
16189,6BC4C65F
44428,D5292A2C
6229,3152176B
64092,EB0651D6
87636,41918732
55438,79EB42E1
83142,FABADAEC
28801,61F3DB5F
68933,503419CD
4168,E0C40BA5
73619,B38176DC
95753,23AB6CEB
93879,DBAB3F24
56755,6FAB42AD
98812,CE390E84
81942,8041AA29
76519,3FD7307A
99064,E94312CB
21811,3956C907
23185,44383F42
8586,8112429E
94798,14667239
96050,40D91840
7008,DE5A20F9
73218,9F1A1490
5695,3D6F7226
92768,ACA7DE91
81168,6B5C2E45
64946,182061B5
19671,7A22C8B7
73793,0281B3E6
58764,82804C53
35472,1405E8A1
35814,855F9E25
47428,5D2C5E6F
48627,BA697BFB
40565,EE477B55
2643,DA2826E0
90135,F37B2948
44965,D0DC8C96
29231,A4D1F60C
64120,F21A7D81
50324,5E8C8BFC
87660,A06B4F1B
71730,6E6277A1
36332,BB30FB09
18876,DD1FBAC3
89527,F945D9AE
92640,212669D5
2579,75FE7628
62465,ED73655D
31648,DA90DF4A
42679,16BED581
53682,48B70AD5
85010,F5D165EA
30194,B0E2857D
88059,83809E1F
47022,B9626E86
30908,0245E3C0
82723,BB8B3566
86884,7EC71C90
26586,92B4B4CA
17234,EA4AB458
13562,780EEBE5
15623,22A9004B
1035,4BD5829E
53647,4A5AA319
69795,A025D7B9
61683,C3B49F6B
84184,9ED032B7
96343,788C86FE
73717,C5C84012
27257,CA3F67C6
64977,1237EC98
70547,94939FB6
16915,17DF9D05
7351,E628BE76
69251,007FA01C
29424,2AA84D4F
78278,11B7726F
92535,114C16C4
52331,AE1DE17F
15300,64BFF481
7772,BCAFF916
72537,803E6640
45862,1061730D
45940,E4A7910C
48165,6AD3E7A6
34009,FDBD536F
43062,09FC3852
60402,8E3F44AD
28923,8E353986
12275,0CD57099
59180,88E8660B
33496,8B15E2F1
86762,A9AF9771
78675,C563BC09
64635,250898C7
32534,2D395612
11092,02F5A7C8
99698,13E220F0
25075,EF729421
34330,05ECEA80
23985,CC5F02F7
86007,C02B1821
7122,8EEE26CB
44392,CE0FED9C
37186,CE4FF480
32,517EDFBF
84692,3E0749B1
20718,86DD5C0B
47841,A4F05D80
90692,266BB27B
58054,38E09E0C
58863,B05A7EA9
90771,EDF0E11D
9876,BAE96309
71432,CB04D37B
65748,5748C91C
94703,1EC02633
21797,D217527A
98602,7E661D11
14415,572540F1
22132,716396BA
98734,6DEC7B87
16838,7A240C4D
85673,086D31D1
30057,06F1CBB2
18278,7128D10B
81021,4D27F2C8
94876,705DFA87
61685,CEC91FB0
7161,8FAC6CFA
84322,94275B22
64460,3D16DBBA
53400,A5EE45BE
